,n_estimators,accuracy,truePos,trueNeg,falsePos,falseNeg
0,100,0.75,3,15,4,2
1,100,0.625,1,14,5,4
2,100,0.7083333333333334,3,14,2,5
3,100,0.6666666666666666,3,13,7,1
4,100,0.6666666666666666,4,12,3,5
5,100,0.875,2,19,1,2
6,100,0.625,3,12,5,4
7,100,0.7083333333333334,4,13,4,3
8,100,0.75,7,11,2,4
9,100,0.625,4,11,5,4
10,100,0.7916666666666666,4,15,4,1
11,100,0.5833333333333334,2,12,10,0
12,100,0.625,3,12,6,3
13,100,0.6666666666666666,3,13,3,5
14,100,0.6666666666666666,4,12,2,6
