,n_estimators,accuracy,truePos,trueNeg,falsePos,falseNeg
0,50,0.625,3,12,6,3
1,50,0.625,2,13,3,6
2,50,0.7083333333333334,6,11,2,5
3,50,0.5833333333333334,3,11,7,3
4,50,0.7083333333333334,6,11,6,1
5,50,0.7083333333333334,4,13,3,4
6,50,0.7083333333333334,1,16,4,3
7,50,0.75,5,13,2,4
8,50,0.7916666666666666,5,14,4,1
9,50,0.75,4,14,3,3
10,50,0.5833333333333334,1,13,4,6
11,50,0.6666666666666666,4,12,1,7
12,50,0.75,5,13,2,4
13,50,0.8333333333333334,5,15,0,4
14,50,0.625,3,12,7,2
